{"cameraMode":{"drawMode":0,"name":"Shaded","section":"Shading Mode"},"sceneLighting":false,"audioPlay":false,"sceneViewState":{"showFog":true,"showMaterialUpdate":false,"showSkybox":true,"showFlares":true,"showImageEffects":true,"showParticleSystems":true},"in2DMode":false,"pivot":{"x":-1.539346694946289,"y":8.254029273986817,"z":0.6754113435745239},"rotation":{"x":-0.18491017818450929,"y":0.6746517419815064,"z":-0.1804211437702179,"w":-0.691457211971283},"size":13.057167053222657,"orthographic":false}