{"cameraMode":{"drawMode":0,"name":"Shaded","section":"Shading Mode"},"sceneLighting":false,"audioPlay":false,"sceneViewState":{"showFog":true,"showMaterialUpdate":false,"showSkybox":true,"showFlares":true,"showImageEffects":true,"showParticleSystems":true},"in2DMode":false,"pivot":{"x":-11.174976348876954,"y":-18.256412506103517,"z":13.904472351074219},"rotation":{"x":-0.30408695340156557,"y":-0.043711237609386447,"z":0.01396368257701397,"w":-0.9515556693077087},"size":38.43528747558594,"orthographic":false}