{"cameraMode":{"drawMode":0,"name":"Shaded","section":"Shading Mode"},"sceneLighting":false,"audioPlay":false,"sceneViewState":{"showFog":true,"showMaterialUpdate":false,"showSkybox":true,"showFlares":true,"showImageEffects":true,"showParticleSystems":true},"in2DMode":false,"pivot":{"x":2.0530147552490236,"y":1.6282331943511963,"z":0.8475473523139954},"rotation":{"x":-0.12616129219532014,"y":0.745417058467865,"z":-0.147469162940979,"w":-0.6377308964729309},"size":2.401320457458496,"orthographic":false}