{"cameraMode":{"drawMode":0,"name":"Shaded","section":"Shading Mode"},"sceneLighting":false,"audioPlay":false,"sceneViewState":{"showFog":true,"showMaterialUpdate":false,"showSkybox":true,"showFlares":true,"showImageEffects":true,"showParticleSystems":true},"in2DMode":false,"pivot":{"x":17.819358825683595,"y":-14.004646301269532,"z":-2.7314302921295168},"rotation":{"x":-0.31989192962646487,"y":-0.6174236536026001,"z":0.30306538939476015,"w":-0.6516808271408081},"size":50.14637756347656,"orthographic":false}