{"cameraMode":{"drawMode":0,"name":"Shaded","section":"Shading Mode"},"sceneLighting":false,"audioPlay":false,"sceneViewState":{"showFog":true,"showMaterialUpdate":false,"showSkybox":true,"showFlares":true,"showImageEffects":true,"showParticleSystems":true},"in2DMode":false,"pivot":{"x":-16.652908325195314,"y":-6.394275665283203,"z":11.197154998779297},"rotation":{"x":-0.41757267713546755,"y":0.012805575504899025,"z":-0.005894155707210302,"w":-0.9085513949394226},"size":41.50579833984375,"orthographic":false}