{"cameraMode":{"drawMode":0,"name":"Shaded","section":"Shading Mode"},"sceneLighting":false,"audioPlay":false,"sceneViewState":{"showFog":true,"showMaterialUpdate":false,"showSkybox":true,"showFlares":true,"showImageEffects":true,"showParticleSystems":true},"in2DMode":false,"pivot":{"x":-34.78105545043945,"y":-10.330425262451172,"z":-16.393489837646486},"rotation":{"x":-0.3299523591995239,"y":0.5210602879524231,"z":-0.22821646928787232,"w":-0.7533650398254395},"size":41.74635314941406,"orthographic":false}