{"cameraMode":{"drawMode":0,"name":"Shaded","section":"Shading Mode"},"sceneLighting":false,"audioPlay":false,"sceneViewState":{"showFog":true,"showMaterialUpdate":false,"showSkybox":true,"showFlares":true,"showImageEffects":true,"showParticleSystems":true},"in2DMode":false,"pivot":{"x":-17.560232162475587,"y":11.559545516967774,"z":31.68614387512207},"rotation":{"x":-0.25093305110931399,"y":-0.3159821629524231,"z":0.08702594041824341,"w":-0.9108701944351196},"size":21.77260398864746,"orthographic":false}