{"cameraMode":{"drawMode":0,"name":"Shaded","section":"Shading Mode"},"sceneLighting":false,"audioPlay":false,"sceneViewState":{"showFog":true,"showMaterialUpdate":false,"showSkybox":true,"showFlares":true,"showImageEffects":true,"showParticleSystems":true},"in2DMode":false,"pivot":{"x":2.8491697311401369,"y":-8.995418548583985,"z":18.490283966064454},"rotation":{"x":-0.3213508129119873,"y":-0.029258690774440767,"z":0.00993246491998434,"w":-0.9464766383171082},"size":47.08047103881836,"orthographic":false}